vmid,label
vm_718,cluster_32
vm_339,cluster_32
vm_225,cluster_32
vm_350,cluster_32
vm_993,cluster_32
vm_265,cluster_32
vm_680,cluster_32
vm_671,cluster_32
vm_301,cluster_32
vm_185,cluster_32
vm_36,cluster_32
vm_928,cluster_32
vm_347,cluster_32
vm_226,cluster_32
vm_883,cluster_356
vm_349,cluster_356
vm_616,cluster_356
vm_640,cluster_303
vm_755,cluster_383
vm_994,cluster_383
vm_376,cluster_357
vm_900,cluster_482
vm_53,cluster_482
vm_234,cluster_482
vm_958,cluster_482
vm_179,cluster_482
vm_716,cluster_316
vm_836,cluster_316
vm_752,cluster_316
vm_929,cluster_316
vm_132,cluster_316
vm_908,cluster_316
vm_511,cluster_316
vm_831,cluster_316
vm_343,cluster_356
vm_34,cluster_356
vm_529,cluster_356
vm_825,cluster_68
vm_641,cluster_68
vm_855,cluster_68
vm_503,cluster_32
vm_446,cluster_32
vm_177,cluster_32
vm_688,cluster_32
vm_692,cluster_32
vm_774,cluster_32
vm_110,cluster_32
vm_800,cluster_32
vm_489,cluster_32
vm_949,cluster_32
vm_891,cluster_32
vm_533,cluster_32
vm_135,cluster_32
vm_632,cluster_32
vm_281,cluster_356
vm_567,cluster_230
vm_427,cluster_410
vm_27,cluster_380
vm_403,cluster_380
vm_388,cluster_380
vm_604,cluster_380
vm_517,cluster_380
vm_501,cluster_380
vm_820,cluster_380
vm_713,cluster_380
vm_665,cluster_380
vm_826,cluster_380
vm_284,cluster_380
vm_235,cluster_380
vm_601,cluster_380
vm_98,cluster_380
vm_894,cluster_380
vm_430,cluster_380
vm_273,cluster_380
vm_518,cluster_380
vm_237,cluster_380
vm_76,cluster_380
vm_651,cluster_380
vm_15,cluster_380
vm_218,cluster_380
vm_121,cluster_380
vm_835,cluster_380
vm_159,cluster_380
vm_553,cluster_380
vm_922,cluster_380
vm_762,cluster_380
vm_410,cluster_380
vm_344,cluster_380
vm_45,cluster_380
vm_657,cluster_380
vm_302,cluster_380
vm_560,cluster_380
vm_400,cluster_380
vm_272,cluster_380
vm_623,cluster_380
vm_271,cluster_380
vm_330,cluster_380
vm_488,cluster_380
vm_182,cluster_380
vm_869,cluster_380
vm_438,cluster_380
vm_58,cluster_380
vm_104,cluster_380
vm_48,cluster_380
vm_278,cluster_380
vm_577,cluster_380
vm_150,cluster_380
vm_365,cluster_380
vm_444,cluster_85
vm_421,cluster_306
vm_331,cluster_354
vm_306,cluster_456
vm_548,cluster_181
vm_522,cluster_32
vm_769,cluster_25
vm_154,cluster_25
vm_730,cluster_25
vm_1011,cluster_25
vm_754,cluster_25
vm_370,cluster_25
vm_127,cluster_25
vm_259,cluster_25
vm_387,cluster_25
vm_823,cluster_25
vm_550,cluster_25
vm_432,cluster_25
vm_790,cluster_25
vm_789,cluster_25
vm_787,cluster_25
vm_721,cluster_25
vm_257,cluster_308
vm_426,cluster_308
vm_286,cluster_308
vm_888,cluster_308
vm_570,cluster_230
vm_848,cluster_65
vm_659,cluster_129
vm_626,cluster_230
vm_232,cluster_151
vm_758,cluster_426
vm_525,cluster_467
vm_781,cluster_352
vm_478,cluster_230
vm_770,cluster_395
vm_457,cluster_395
vm_520,cluster_395
vm_976,cluster_395
vm_130,cluster_395
vm_642,cluster_294
vm_1019,cluster_117
vm_109,cluster_389
vm_580,cluster_356
vm_753,cluster_28
vm_190,cluster_280
vm_196,cluster_229
vm_715,cluster_7
vm_378,cluster_230
vm_961,cluster_83
vm_95,cluster_83
vm_65,cluster_83
vm_931,cluster_83
vm_484,cluster_83
vm_374,cluster_83
vm_373,cluster_83
vm_30,cluster_83
vm_146,cluster_83
vm_816,cluster_83
vm_137,cluster_83
vm_669,cluster_83
vm_233,cluster_83
vm_305,cluster_83
vm_691,cluster_83
vm_180,cluster_83
vm_129,cluster_83
vm_56,cluster_83
vm_829,cluster_83
vm_282,cluster_83
vm_840,cluster_83
vm_258,cluster_83
vm_504,cluster_83
vm_751,cluster_457
vm_666,cluster_2
vm_144,cluster_229
vm_468,cluster_356
vm_8,cluster_230
vm_656,cluster_454
vm_477,cluster_453
vm_136,cluster_356
vm_773,cluster_395
vm_849,cluster_395
vm_731,cluster_395
vm_318,cluster_230
vm_597,cluster_282
vm_198,cluster_282
vm_422,cluster_356
vm_690,cluster_356
vm_203,cluster_171
vm_538,cluster_171
vm_297,cluster_171
vm_565,cluster_171
vm_189,cluster_171
vm_186,cluster_214
vm_984,cluster_177
vm_963,cluster_54
vm_1012,cluster_54
vm_603,cluster_125
vm_761,cluster_322
vm_108,cluster_281
vm_358,cluster_78
vm_231,cluster_123
vm_978,cluster_390
vm_685,cluster_353
vm_915,cluster_225
vm_24,cluster_225
vm_622,cluster_225
vm_856,cluster_336
vm_266,cluster_336
vm_313,cluster_336
vm_449,cluster_336
vm_944,cluster_239
vm_111,cluster_255
vm_975,cluster_391
vm_315,cluster_369
vm_745,cluster_142
vm_220,cluster_129
vm_395,cluster_47
vm_709,cluster_405
vm_307,cluster_472
vm_634,cluster_286
vm_757,cluster_6
vm_545,cluster_26
vm_254,cluster_3
vm_851,cluster_446
vm_904,cluster_247
vm_772,cluster_27
vm_290,cluster_156
vm_382,cluster_155
vm_139,cluster_425
vm_326,cluster_60
vm_32,cluster_22
vm_148,cluster_228
vm_380,cluster_396
vm_955,cluster_248
vm_735,cluster_322
vm_289,cluster_104
vm_982,cluster_333
vm_492,cluster_14
vm_88,cluster_417
vm_52,cluster_96
vm_967,cluster_157
vm_540,cluster_387
vm_710,cluster_100
vm_983,cluster_208
vm_43,cluster_165
vm_906,cluster_196
vm_847,cluster_34
vm_450,cluster_414
vm_92,cluster_40
vm_521,cluster_51
vm_197,cluster_40
vm_756,cluster_480
vm_674,cluster_24
vm_663,cluster_414
vm_559,cluster_165
vm_323,cluster_165
vm_792,cluster_4
vm_464,cluster_213
vm_490,cluster_48
vm_537,cluster_40
vm_168,cluster_367
vm_200,cluster_37
vm_526,cluster_112
vm_381,cluster_58
vm_55,cluster_382
vm_261,cluster_246
vm_114,cluster_37
vm_398,cluster_172
vm_838,cluster_172
vm_181,cluster_172
vm_746,cluster_149
vm_704,cluster_149
vm_46,cluster_408
vm_679,cluster_471
vm_817,cluster_126
vm_898,cluster_77
vm_973,cluster_258
vm_872,cluster_149
vm_145,cluster_41
vm_995,cluster_149
vm_368,cluster_258
vm_460,cluster_291
vm_31,cluster_291
vm_686,cluster_291
vm_932,cluster_26
vm_635,cluster_285
vm_662,cluster_128
vm_498,cluster_188
vm_643,cluster_234
vm_251,cluster_276
vm_425,cluster_276
vm_420,cluster_276
vm_804,cluster_52
vm_556,cluster_52
vm_636,cluster_261
vm_834,cluster_206
vm_118,cluster_269
vm_91,cluster_269
vm_911,cluster_344
vm_355,cluster_267
vm_100,cluster_10
vm_404,cluster_407
vm_780,cluster_339
vm_247,cluster_21
vm_598,cluster_1
vm_59,cluster_337
vm_742,cluster_291
vm_469,cluster_146
vm_366,cluster_447
vm_103,cluster_374
vm_536,cluster_374
vm_654,cluster_374
vm_566,cluster_374
vm_223,cluster_374
vm_441,cluster_374
vm_63,cluster_374
vm_673,cluster_374
vm_970,cluster_374
vm_243,cluster_374
vm_244,cluster_374
vm_38,cluster_374
vm_860,cluster_374
vm_592,cluster_374
vm_803,cluster_374
vm_362,cluster_374
vm_447,cluster_374
vm_797,cluster_374
vm_748,cluster_374
vm_555,cluster_374
vm_481,cluster_374
vm_269,cluster_374
vm_759,cluster_442
vm_54,cluster_194
vm_628,cluster_434
vm_602,cluster_407
vm_431,cluster_29
vm_372,cluster_402
vm_871,cluster_403
vm_524,cluster_226
vm_879,cluster_179
vm_299,cluster_179
vm_513,cluster_131
vm_361,cluster_245
vm_285,cluster_222
vm_890,cluster_307
vm_334,cluster_73
vm_209,cluster_423
vm_507,cluster_488
vm_980,cluster_298
vm_877,cluster_312
vm_861,cluster_323
vm_895,cluster_15
vm_920,cluster_15
vm_837,cluster_15
vm_558,cluster_148
vm_515,cluster_134
vm_41,cluster_71
vm_364,cluster_385
vm_3,cluster_385
vm_81,cluster_385
vm_946,cluster_314
vm_340,cluster_200
vm_793,cluster_200
vm_397,cluster_268
vm_974,cluster_93
vm_25,cluster_334
vm_989,cluster_319
vm_487,cluster_120
vm_283,cluster_418
vm_527,cluster_370
vm_9,cluster_350
vm_5,cluster_173
vm_486,cluster_340
vm_443,cluster_371
vm_407,cluster_317
vm_491,cluster_469
vm_163,cluster_363
vm_668,cluster_69
vm_429,cluster_478
vm_939,cluster_291
vm_720,cluster_3
vm_348,cluster_418
vm_914,cluster_407
vm_968,cluster_484
vm_892,cluster_113
vm_828,cluster_89
vm_561,cluster_124
vm_294,cluster_445
vm_593,cluster_309
vm_945,cluster_370
vm_324,cluster_435
vm_178,cluster_435
vm_293,cluster_435
vm_796,cluster_84
vm_325,cluster_164
vm_80,cluster_62
vm_141,cluster_62
vm_530,cluster_62
vm_428,cluster_287
vm_456,cluster_287
vm_219,cluster_82
vm_295,cluster_82
vm_581,cluster_459
vm_705,cluster_459
vm_329,cluster_331
vm_539,cluster_27
vm_37,cluster_199
vm_633,cluster_358
vm_201,cluster_358
vm_822,cluster_358
vm_215,cluster_358
vm_767,cluster_93
vm_170,cluster_358
vm_818,cluster_358
vm_870,cluster_43
vm_134,cluster_364
vm_471,cluster_271
vm_740,cluster_271
vm_670,cluster_271
vm_467,cluster_271
vm_621,cluster_271
vm_739,cluster_271
vm_734,cluster_271
vm_401,cluster_271
vm_638,cluster_271
vm_952,cluster_271
vm_77,cluster_271
vm_335,cluster_271
vm_274,cluster_271
vm_241,cluster_271
vm_778,cluster_271
vm_979,cluster_271
vm_1004,cluster_140
vm_493,cluster_140
vm_238,cluster_458
vm_191,cluster_458
vm_582,cluster_458
vm_342,cluster_458
vm_14,cluster_458
vm_783,cluster_458
vm_452,cluster_458
vm_997,cluster_458
vm_610,cluster_458
vm_590,cluster_260
vm_724,cluster_260
vm_386,cluster_260
vm_408,cluster_260
vm_788,cluster_260
vm_534,cluster_260
vm_495,cluster_220
vm_999,cluster_249
vm_206,cluster_295
vm_415,cluster_140
vm_275,cluster_140
vm_245,cluster_140
vm_288,cluster_140
vm_821,cluster_140
vm_149,cluster_249
vm_532,cluster_260
vm_230,cluster_26
vm_572,cluster_26
vm_337,cluster_26
vm_287,cluster_26
vm_73,cluster_26
vm_959,cluster_26
vm_902,cluster_370
vm_6,cluster_407
vm_812,cluster_370
vm_445,cluster_45
vm_68,cluster_26
vm_82,cluster_370
vm_389,cluster_370
vm_712,cluster_407
vm_876,cluster_407
vm_893,cluster_407
vm_923,cluster_407
vm_650,cluster_407
vm_953,cluster_407
vm_19,cluster_407
vm_1006,cluster_407
vm_204,cluster_407
vm_927,cluster_407
vm_645,cluster_407
vm_423,cluster_407
vm_813,cluster_455
vm_768,cluster_399
vm_292,cluster_79
vm_7,cluster_407
vm_873,cluster_27
vm_514,cluster_370
vm_85,cluster_405
vm_248,cluster_381
vm_600,cluster_94
vm_588,cluster_429
vm_1010,cluster_212
vm_497,cluster_212
vm_1,cluster_407
vm_246,cluster_407
vm_435,cluster_407
vm_766,cluster_407
vm_99,cluster_407
vm_242,cluster_407
vm_406,cluster_407
vm_865,cluster_407
vm_236,cluster_407
vm_619,cluster_407
vm_667,cluster_407
vm_311,cluster_407
vm_845,cluster_370
vm_112,cluster_370
vm_1014,cluster_370
vm_210,cluster_212
vm_564,cluster_175
vm_1013,cluster_321
vm_885,cluster_3
vm_142,cluster_218
vm_280,cluster_355
vm_158,cluster_44
vm_703,cluster_240
vm_947,cluster_265
vm_300,cluster_195
vm_907,cluster_342
vm_317,cluster_16
vm_4,cluster_192
vm_205,cluster_211
vm_1000,cluster_211
vm_612,cluster_211
vm_161,cluster_211
vm_909,cluster_211
vm_417,cluster_211
vm_172,cluster_211
vm_496,cluster_211
vm_433,cluster_211
vm_277,cluster_211
vm_314,cluster_211
vm_905,cluster_211
vm_1017,cluster_211
vm_187,cluster_211
vm_562,cluster_211
vm_1005,cluster_211
vm_519,cluster_211
vm_875,cluster_211
vm_832,cluster_211
vm_528,cluster_211
vm_11,cluster_211
vm_363,cluster_211
vm_442,cluster_211
vm_738,cluster_211
vm_291,cluster_211
vm_743,cluster_211
vm_1001,cluster_211
vm_212,cluster_470
vm_125,cluster_97
vm_440,cluster_265
vm_862,cluster_313
vm_714,cluster_105
vm_216,cluster_111
vm_785,cluster_299
vm_924,cluster_296
vm_571,cluster_117
vm_113,cluster_132
vm_695,cluster_55
vm_554,cluster_351
vm_607,cluster_300
vm_614,cluster_368
vm_473,cluster_413
vm_1002,cluster_106
vm_240,cluster_361
vm_707,cluster_275
vm_296,cluster_168
vm_938,cluster_266
vm_509,cluster_430
vm_681,cluster_491
vm_101,cluster_283
vm_20,cluster_394
vm_701,cluster_18
vm_33,cluster_80
vm_40,cluster_351
vm_377,cluster_223
vm_706,cluster_197
vm_50,cluster_19
vm_594,cluster_483
vm_171,cluster_381
vm_268,cluster_31
vm_782,cluster_397
vm_711,cluster_450
vm_413,cluster_277
vm_698,cluster_470
vm_749,cluster_153
vm_583,cluster_332
vm_613,cluster_420
vm_262,cluster_66
vm_644,cluster_187
vm_815,cluster_11
vm_917,cluster_327
vm_391,cluster_86
vm_807,cluster_86
vm_791,cluster_296
vm_298,cluster_351
vm_105,cluster_169
vm_42,cluster_486
vm_414,cluster_470
vm_439,cluster_378
vm_864,cluster_50
vm_736,cluster_121
vm_74,cluster_9
vm_202,cluster_240
vm_483,cluster_345
vm_23,cluster_305
vm_379,cluster_262
vm_138,cluster_249
vm_878,cluster_0
vm_94,cluster_57
vm_256,cluster_351
vm_886,cluster_461
vm_853,cluster_133
vm_913,cluster_393
vm_700,cluster_158
vm_217,cluster_338
vm_552,cluster_143
vm_589,cluster_13
vm_107,cluster_202
vm_990,cluster_46
vm_333,cluster_117
vm_466,cluster_233
vm_675,cluster_193
vm_455,cluster_67
vm_516,cluster_8
vm_867,cluster_366
vm_678,cluster_362
vm_574,cluster_411
vm_227,cluster_130
vm_385,cluster_338
vm_631,cluster_56
vm_617,cluster_310
vm_1008,cluster_329
vm_733,cluster_490
vm_383,cluster_279
vm_102,cluster_270
vm_843,cluster_359
vm_459,cluster_462
vm_986,cluster_114
vm_884,cluster_470
vm_991,cluster_70
vm_250,cluster_409
vm_119,cluster_381
vm_96,cluster_481
vm_784,cluster_114
vm_359,cluster_59
vm_942,cluster_241
vm_627,cluster_185
vm_729,cluster_224
vm_93,cluster_400
vm_1018,cluster_428
vm_971,cluster_31
vm_214,cluster_176
vm_919,cluster_242
vm_510,cluster_238
vm_192,cluster_136
vm_475,cluster_237
vm_595,cluster_346
vm_156,cluster_263
vm_321,cluster_347
vm_336,cluster_384
vm_18,cluster_288
vm_569,cluster_479
vm_512,cluster_470
vm_434,cluster_373
vm_143,cluster_297
vm_596,cluster_119
vm_624,cluster_338
vm_646,cluster_127
vm_948,cluster_115
vm_689,cluster_63
vm_887,cluster_118
vm_584,cluster_74
vm_933,cluster_122
vm_760,cluster_162
vm_719,cluster_431
vm_699,cluster_440
vm_881,cluster_152
vm_39,cluster_412
vm_211,cluster_433
vm_367,cluster_210
vm_824,cluster_253
vm_969,cluster_76
vm_360,cluster_70
vm_744,cluster_325
vm_682,cluster_325
vm_808,cluster_35
vm_303,cluster_91
vm_676,cluster_152
vm_371,cluster_138
vm_83,cluster_259
vm_494,cluster_170
vm_451,cluster_424
vm_405,cluster_233
vm_615,cluster_38
vm_799,cluster_449
vm_918,cluster_449
vm_213,cluster_449
vm_458,cluster_365
vm_981,cluster_394
vm_647,cluster_150
vm_390,cluster_150
vm_937,cluster_450
vm_396,cluster_116
vm_801,cluster_441
vm_351,cluster_441
vm_57,cluster_441
vm_167,cluster_441
vm_463,cluster_422
vm_637,cluster_487
vm_193,cluster_36
vm_369,cluster_311
vm_585,cluster_154
vm_672,cluster_185
vm_921,cluster_398
vm_44,cluster_98
vm_375,cluster_240
vm_357,cluster_432
vm_985,cluster_232
vm_157,cluster_265
vm_940,cluster_168
vm_474,cluster_168
vm_573,cluster_31
vm_694,cluster_153
vm_827,cluster_139
vm_859,cluster_419
vm_485,cluster_147
vm_916,cluster_33
vm_312,cluster_66
vm_842,cluster_50
vm_208,cluster_470
vm_66,cluster_252
vm_966,cluster_341
vm_972,cluster_464
vm_461,cluster_243
vm_725,cluster_274
vm_12,cluster_462
vm_61,cluster_462
vm_207,cluster_320
vm_608,cluster_257
vm_160,cluster_470
vm_693,cluster_381
vm_728,cluster_265
vm_901,cluster_75
vm_194,cluster_201
vm_962,cluster_343
vm_500,cluster_107
vm_810,cluster_351
vm_655,cluster_351
vm_811,cluster_137
vm_930,cluster_203
vm_310,cluster_166
vm_722,cluster_335
vm_151,cluster_470
vm_943,cluster_216
vm_844,cluster_144
vm_224,cluster_487
vm_16,cluster_324
vm_155,cluster_326
vm_51,cluster_20
vm_599,cluster_470
vm_544,cluster_470
vm_316,cluster_470
vm_165,cluster_451
vm_147,cluster_174
vm_1015,cluster_103
vm_841,cluster_189
vm_72,cluster_19
vm_87,cluster_19
vm_779,cluster_224
vm_531,cluster_216
vm_684,cluster_182
vm_199,cluster_415
vm_988,cluster_227
vm_935,cluster_420
vm_639,cluster_17
vm_652,cluster_273
vm_263,cluster_313
vm_763,cluster_421
vm_523,cluster_401
vm_64,cluster_190
vm_28,cluster_370
vm_677,cluster_109
vm_926,cluster_370
vm_320,cluster_191
vm_424,cluster_191
vm_977,cluster_375
vm_960,cluster_375
vm_480,cluster_375
vm_661,cluster_375
vm_332,cluster_375
vm_814,cluster_375
vm_106,cluster_375
vm_889,cluster_23
vm_934,cluster_209
vm_579,cluster_90
vm_697,cluster_315
vm_775,cluster_87
vm_850,cluster_184
vm_505,cluster_321
vm_606,cluster_321
vm_764,cluster_406
vm_794,cluster_135
vm_249,cluster_101
vm_620,cluster_376
vm_264,cluster_234
vm_255,cluster_234
vm_727,cluster_348
vm_2,cluster_348
vm_462,cluster_349
vm_578,cluster_178
vm_897,cluster_95
vm_542,cluster_231
vm_393,cluster_292
vm_910,cluster_110
vm_26,cluster_30
vm_777,cluster_473
vm_69,cluster_489
vm_140,cluster_439
vm_874,cluster_42
vm_183,cluster_42
vm_346,cluster_42
vm_576,cluster_42
vm_857,cluster_438
vm_629,cluster_438
vm_543,cluster_141
vm_354,cluster_476
vm_551,cluster_476
vm_568,cluster_476
vm_49,cluster_476
vm_896,cluster_476
vm_409,cluster_161
vm_267,cluster_207
vm_327,cluster_466
vm_806,cluster_160
vm_702,cluster_399
vm_925,cluster_476
vm_116,cluster_12
vm_90,cluster_282
vm_557,cluster_89
vm_260,cluster_99
vm_802,cluster_330
vm_416,cluster_485
vm_120,cluster_108
vm_506,cluster_293
vm_912,cluster_235
vm_809,cluster_235
vm_499,cluster_472
vm_1009,cluster_472
vm_741,cluster_301
vm_649,cluster_301
vm_75,cluster_301
vm_696,cluster_475
vm_412,cluster_198
vm_338,cluster_89
vm_998,cluster_392
vm_78,cluster_452
vm_399,cluster_254
vm_732,cluster_463
vm_402,cluster_39
vm_419,cluster_186
vm_957,cluster_250
vm_319,cluster_407
vm_852,cluster_284
vm_279,cluster_437
vm_356,cluster_3
vm_1007,cluster_318
vm_987,cluster_219
vm_162,cluster_468
vm_67,cluster_92
vm_117,cluster_416
vm_956,cluster_377
vm_819,cluster_388
vm_437,cluster_388
vm_86,cluster_5
vm_13,cluster_5
vm_229,cluster_5
vm_84,cluster_5
vm_228,cluster_5
vm_472,cluster_5
vm_175,cluster_5
vm_708,cluster_5
vm_508,cluster_5
vm_609,cluster_5
vm_60,cluster_5
vm_239,cluster_5
vm_771,cluster_5
vm_587,cluster_5
vm_71,cluster_5
vm_169,cluster_5
vm_839,cluster_5
vm_476,cluster_5
vm_123,cluster_5
vm_618,cluster_61
vm_723,cluster_474
vm_253,cluster_386
vm_591,cluster_386
vm_954,cluster_386
vm_1003,cluster_386
vm_89,cluster_371
vm_122,cluster_53
vm_188,cluster_290
vm_176,cluster_180
vm_1016,cluster_372
vm_115,cluster_448
vm_131,cluster_64
vm_547,cluster_379
vm_941,cluster_256
vm_653,cluster_3
vm_309,cluster_443
vm_97,cluster_344
vm_392,cluster_102
vm_683,cluster_84
vm_765,cluster_278
vm_79,cluster_278
vm_35,cluster_278
vm_747,cluster_371
vm_276,cluster_344
vm_846,cluster_163
vm_880,cluster_465
vm_863,cluster_360
vm_384,cluster_417
vm_648,cluster_460
vm_341,cluster_81
vm_611,cluster_404
vm_221,cluster_145
vm_353,cluster_217
vm_992,cluster_217
vm_436,cluster_244
vm_950,cluster_81
vm_184,cluster_250
vm_222,cluster_477
vm_866,cluster_88
vm_535,cluster_328
vm_164,cluster_444
vm_951,cluster_163
vm_166,cluster_244
vm_795,cluster_236
vm_470,cluster_72
vm_465,cluster_474
vm_750,cluster_159
vm_126,cluster_81
vm_549,cluster_183
vm_502,cluster_344
vm_482,cluster_3
vm_328,cluster_204
vm_605,cluster_167
vm_858,cluster_344
vm_153,cluster_21
vm_660,cluster_302
vm_270,cluster_251
vm_22,cluster_205
vm_453,cluster_427
vm_47,cluster_436
vm_882,cluster_264
vm_304,cluster_215
vm_10,cluster_272
vm_664,cluster_344
vm_479,cluster_5
vm_830,cluster_304
vm_903,cluster_304
vm_575,cluster_304
vm_133,cluster_304
vm_411,cluster_304
vm_868,cluster_304
vm_563,cluster_304
vm_195,cluster_304
vm_854,cluster_304
vm_805,cluster_304
vm_394,cluster_304
vm_308,cluster_304
vm_786,cluster_304
vm_798,cluster_304
vm_546,cluster_304
vm_965,cluster_304
vm_352,cluster_304
vm_418,cluster_96
vm_899,cluster_96
vm_541,cluster_96
vm_833,cluster_96
vm_625,cluster_221
vm_128,cluster_49
vm_717,cluster_289
vm_630,cluster_164
vm_996,cluster_164
vm_737,cluster_164
vm_964,cluster_164
vm_454,cluster_164
vm_586,cluster_164
vm_658,cluster_164
vm_17,cluster_164
vm_174,cluster_164
vm_62,cluster_164
vm_29,cluster_164
vm_345,cluster_164
vm_152,cluster_164
vm_448,cluster_164
vm_936,cluster_164
vm_70,cluster_164
vm_726,cluster_164
vm_322,cluster_164
vm_124,cluster_164
vm_687,cluster_164
vm_252,cluster_164
vm_21,cluster_164
vm_173,cluster_164
vm_776,cluster_164
